{"cameraMode":{"drawMode":0,"name":"Shaded","section":"Shading Mode"},"sceneLighting":false,"audioPlay":false,"sceneViewState":{"m_AlwaysRefresh":false,"showFog":true,"showSkybox":false,"showFlares":true,"showImageEffects":true,"showParticleSystems":true,"showVisualEffectGraphs":true,"m_FxEnabled":true},"in2DMode":false,"pivot":{"x":-0.8257200717926025,"y":0.7384084463119507,"z":-0.8663609027862549},"rotation":{"x":0.04695107787847519,"y":-0.745824933052063,"z":0.052933577448129657,"w":0.6624839305877686},"size":0.46489933133125307,"orthographic":false}